rank,name,season,POS,GP,MIN,PTS,FGM,FGA,FG%,3_PM,3PA,3P%,FTM,FTA,FT%,REB,AST,STL,BLK,TO,DD2,TD3,PER
1,Kobe BryantLAL,2005-2006,SF,80,41,35.4,12.2,27.2,45,2.3,6.5,34.7,8.7,10.2,85,5.3,4.5,1.8,0.4,3.1,4,0,28.11
2,Allen IversonPHI,2005-2006,SG,72,43.1,33,11.3,25.3,44.7,1,3.1,32.3,9.4,11.5,81.4,3.2,7.4,1.9,0.1,3.4,18,0,26.02
3,LeBron JamesCLE,2005-2006,SF,79,42.5,31.4,11.1,23.1,48,1.6,4.8,33.5,7.6,10.3,73.8,7,6.6,1.6,0.8,3.3,21,5,28.17
4,Gilbert ArenasWSH,2005-2006,PG,80,42.3,29.3,9.3,20.9,44.7,2.5,6.8,36.9,8.2,10,82,3.5,6.1,2,0.3,3.7,9,0,23.87
5,Dwyane WadeMIA,2005-2006,G,75,38.6,27.2,9.3,18.8,49.5,0.2,1,17.1,8.4,10.7,78.3,5.7,6.7,1.9,0.8,3.6,16,2,27.68
6,Paul PierceBOS,2005-2006,SF,79,39,26.8,8.7,18.5,47.1,1.4,4,35.4,7.9,10.3,77.2,6.7,4.7,1.4,0.4,3.5,17,1,23.71
7,Dirk NowitzkiDAL,2005-2006,F,81,38.1,26.6,9.3,19.3,48,1.4,3.3,40.6,6.7,7.4,90.1,9,2.8,0.7,1,1.9,35,0,28.2
8,Carmelo AnthonyDEN,2005-2006,PF,80,36.8,26.5,9.5,19.7,48.1,0.5,1.9,24.3,7.2,8.9,80.8,4.9,2.7,1.1,0.5,2.7,6,0,22.1
9,Michael ReddMIL,2005-2006,SG,80,39.1,25.4,8.5,19,45,2,5.2,39.5,6.3,7.1,87.7,4.3,2.9,1.2,0.1,2.1,0,0,21.34
10,Ray AllenSEA,2005-2006,SG,78,38.7,25.1,8.7,19.2,45.4,3.4,8.4,41.2,4.2,4.6,90.3,4.3,3.7,1.3,0.2,2.4,1,0,22.28
11,Elton BrandLAC,2005-2006,PF,79,39.2,24.7,9.6,18.2,52.7,0,0,33.3,5.6,7.2,77.5,10,2.6,1,2.5,2.2,45,0,26.67
12,Tracy McGradyHOU,2005-2006,SG,47,37.1,24.4,8.7,21.5,40.6,1.6,5,31.2,5.4,7.2,74.7,6.5,4.8,1.3,0.9,2.6,6,0,22.03
13,Vince CarterNJ,2005-2006,G,79,36.8,24.2,8.3,19.2,43,1.6,4.6,34.1,6.1,7.6,79.9,5.8,4.3,1.2,0.7,2.7,8,1,21.68
14,Jason RichardsonGS,2005-2006,SG,75,38.4,23.2,8.5,19.2,44.6,2.4,6.4,38.4,3.7,5.5,67.3,5.8,3.1,1.3,0.5,2.2,5,0,19.28
15,Chris BoshTOR,2005-2006,PF,70,39.3,22.5,7.8,15.5,50.5,0,0.2,0,6.8,8.3,81.6,9.2,2.6,0.7,1.1,2.2,32,0,23.23
16,Yao MingHOU,2005-2006,C,57,34.2,22.3,8.2,15.8,51.9,0,0,0,5.9,6.9,85.3,10.2,1.5,0.5,1.6,2.6,34,0,25.78
17,Shawn MarionPHX,2005-2006,SG,81,40.3,21.8,8.8,16.9,52.5,1.2,3.6,33.1,3,3.7,80.9,11.8,1.8,2,1.7,1.5,60,0,23.66
18,Kevin GarnettMIN,2005-2006,PF,76,38.9,21.8,8.2,15.7,52.6,0.1,0.4,26.7,5.2,6.4,81,12.7,4.1,1.4,1.4,2.4,62,0,26.88
19,Mike BibbySAC,2005-2006,PG,82,38.6,21.1,7.3,16.9,43.2,2.3,6.1,38.6,4.2,4.9,84.9,2.9,5.4,1,0.1,2.4,8,0,17.93
20,Antawn JamisonWSH,2005-2006,PF,82,40.1,20.5,8,18.2,44.2,1.8,4.5,39.4,2.6,3.6,73.1,9.3,1.9,1.1,0.1,1.7,35,0,17.78
21,Pau GasolMEM,2005-2006,PF,80,39.2,20.4,7.5,14.9,50.3,0,0.2,25,5.3,7.7,68.9,8.9,4.6,0.6,1.9,2.9,33,1,22.76
22,Mike JamesTOR,2005-2006,PG,79,37,20.3,7.3,15.5,46.9,2.1,4.8,44.2,3.6,4.3,83.7,3.3,5.8,0.9,0,2.6,11,0,19.88
23,Chris WebberPHI,2005-2006,C,75,38.6,20.2,8.2,19,43.4,0.3,1,27.3,3.5,4.6,75.6,9.9,3.4,1.4,0.8,2.4,38,0,18.47
24,Joe JohnsonATL,2005-2006,G,82,40.7,20.2,7.7,17,45.3,1.6,4.4,35.6,3.2,4,79.1,4.1,6.5,1.3,0.4,3.3,13,1,17.95
25,Richard HamiltonDET,2005-2006,SG,80,35.3,20.1,8.1,16.5,49.1,0.7,1.5,45.8,3.2,3.8,84.5,3.2,3.4,0.7,0.2,2.2,0,0,18.25
26,Rashard LewisSEA,2005-2006,PF,78,36.9,20.1,6.9,14.8,46.7,1.8,4.7,38.4,4.5,5.5,81.8,5,2.3,1.3,0.6,1.8,5,0,20.04
27,Jermaine O'NealIND,2005-2006,C,51,35.3,20.1,7.5,15.8,47.2,0.1,0.2,30,5.1,7.2,70.9,9.3,2.6,0.5,2.3,3,19,0,20.5
28,Shaquille O'NealMIA,2005-2006,C,59,30.6,20,8.1,13.6,60,0,0,0,3.7,8,46.9,9.2,1.9,0.4,1.8,2.8,24,1,24.47
29,Richard JeffersonNJ,2005-2006,F,78,39.2,19.5,6.3,12.9,49.3,0.8,2.4,31.9,6,7.4,81.2,6.8,3.8,0.8,0.2,2.2,20,0,19.02
30,Ricky DavisBOS/MIN,2005-2006,SG,78,41.1,19.4,7.5,16.7,44.8,0.9,3.1,30.2,3.5,4.4,79.7,4.5,5.1,1.2,0.2,2.7,3,0,15.64
31,Wally SzczerbiakBOS/MIN,2005-2006,SG,72,37.9,19,6.8,14.1,48.7,1.4,3.5,40,3.9,4.3,89.7,4.3,3,0.6,0.3,1.9,2,0,17.75
32,Tony ParkerSA,2005-2006,G,80,33.9,18.9,7.8,14.2,54.8,0.1,0.5,30.6,3.2,4.5,70.7,3.3,5.8,1,0.1,3.1,8,0,20.89
33,Steve NashPHX,2005-2006,PG,79,35.4,18.8,6.8,13.4,51.2,1.9,4.3,43.9,3.3,3.5,92.1,4.2,10.5,0.8,0.2,3.5,43,1,23.29
34,Al HarringtonATL,2005-2006,PF,76,36.6,18.6,7.3,16.1,45.2,0.9,2.5,34.6,3.2,4.6,69.4,6.9,3.1,1.1,0.2,2.6,15,0,16.08
35,Tim DuncanSA,2005-2006,C,80,34.8,18.6,7.2,14.8,48.4,0,0.1,40,4.2,6.7,62.9,11,3.2,0.9,2,2.5,52,0,23.13
36,Chauncey BillupsDET,2005-2006,PG,81,36.1,18.5,5.2,12.5,41.8,2.3,5.2,43.3,5.7,6.4,89.4,3.1,8.6,0.9,0.1,2.1,27,0,23.43
37,Peja StojakovicIND/SAC,2005-2006,SF,71,36.6,18.2,6.3,14.3,43.7,2.3,5.7,40.1,3.4,3.7,91.5,5.8,1.9,0.6,0.1,1.5,5,0,16.71
38,Zach RandolphPOR,2005-2006,F,74,34.4,18,7.2,16.6,43.6,0.2,0.7,29.1,3.3,4.6,71.4,8,1.9,0.8,0.2,2.2,21,0,16.94
39,Mehmet OkurUTAH,2005-2006,C,82,35.9,18,6.3,13.8,46,1,2.9,34.2,4.3,5.5,78,9.1,2.4,0.5,0.9,2,35,0,19.08
40,Baron DavisGS,2005-2006,PG,54,36.5,17.9,6.2,15.9,38.9,1.9,6,31.5,3.6,5.4,67.5,4.4,8.9,1.6,0.3,2.9,22,1,18.38
41,Corey MaggetteLAC,2005-2006,SF,32,29.5,17.8,5.2,11.7,44.5,0.8,2.2,33.8,6.6,8,82.8,5.3,2.1,0.6,0.1,2.4,5,0,18.89
42,Caron ButlerWSH,2005-2006,SF,75,36.1,17.6,6.6,14.5,45.5,0.5,1.6,34.2,3.9,4.4,87,6.2,2.5,1.7,0.2,2.3,10,0,17.11
43,Metta World PeaceIND/SAC,2005-2006,SF,56,39.4,17.6,6.3,15.5,40.4,1.4,4.5,30.8,3.7,5.4,67.5,5.1,3.6,2.2,0.7,2.3,2,0,15.24
44,Sam CassellLAC,2005-2006,PG,78,34,17.2,6.3,14.3,44.3,0.9,2.4,36.8,3.7,4.3,86.3,3.7,6.3,0.9,0.1,2.2,12,0,18.56
45,Jason TerryDAL,2005-2006,G,80,35,17.1,6.5,13.7,47,2.1,5.2,41.1,2.1,2.6,80,2,3.8,1.3,0.3,1.7,2,0,18.49
46,David WestNO,2005-2006,F,74,34.1,17.1,7.2,14,51.2,0,0.1,27.3,2.7,3.2,84.3,7.4,1.2,0.8,0.9,1.4,17,0,19.74
47,Ben GordonCHI,2005-2006,SG,80,31,16.9,6.1,14.4,42.2,2.1,4.8,43.5,2.6,3.4,78.7,2.7,3,0.9,0.1,2.3,0,0,14.59
48,Morris PetersonTOR,2005-2006,SG,82,38.3,16.8,5.8,13.4,43.6,2.2,5.5,39.5,2.9,3.6,82,4.6,2.3,1.3,0.2,1.5,3,0,15.34
49,Stephen JacksonIND,2005-2006,SF,81,35.9,16.4,5.8,14.2,41.1,1.4,4.2,34.5,3.3,4.2,78.6,3.9,2.8,1.3,0.5,2.5,0,0,13.65
50,Stephon MarburyNY,2005-2006,PG,60,36.6,16.3,5.8,12.9,45.1,0.6,1.7,31.7,4.1,5.4,75.5,2.9,6.4,1.1,0.1,2.6,7,0,16.52
51,Carlos BoozerUTAH,2005-2006,PF,33,31.1,16.3,6.6,12.1,54.9,0,0,0,3,4.2,72.3,8.6,2.7,0.9,0.2,2.1,11,0,21.48
52,Chris PaulNO,2005-2006,PG,78,36,16.1,5.2,12.1,43,0.6,2.3,28.2,5.1,6,84.7,5.1,7.8,2.2,0.1,2.3,21,2,22.14
53,Kirk HinrichCHI,2005-2006,SG,81,36.5,15.9,5.6,13.3,41.8,1.6,4.2,37,3.2,3.9,81.5,3.6,6.3,1.2,0.3,2.3,11,0,15.56
54,Dwight HowardORL,2005-2006,C,82,36.8,15.8,5.7,10.7,53.1,0,0,0,4.3,7.3,59.5,12.5,1.5,0.8,1.4,2.6,60,0,19.37
55,Josh HowardDAL,2005-2006,SF,59,32.5,15.6,5.9,12.6,47.1,0.5,1.1,42.9,3.3,4.5,73.4,6.3,1.9,1.2,0.4,1.3,12,0,19.37
56,Zydrunas IlgauskasCLE,2005-2006,C,78,29.3,15.6,5.8,11.4,50.6,0,0.1,0,4.1,4.9,83.4,7.6,1.2,0.5,1.7,2,18,0,21.98
57,Larry HughesCLE,2005-2006,SG,36,35.6,15.5,5.3,13,40.9,0.8,2.1,36.8,4.1,5.4,75.6,4.5,3.6,1.5,0.6,2.8,1,0,14.08
58,Andrei KirilenkoUTAH,2005-2006,SF,69,37.7,15.3,4.9,10.6,46,0.5,1.7,30.8,5,7.2,69.9,8,4.3,1.5,3.2,2.9,22,2,20.71
59,Gerald WallaceCHA,2005-2006,SF,55,34.5,15.2,5.8,10.7,53.8,0.3,0.9,28,3.4,5.6,61.4,7.5,1.7,2.5,2.1,1.8,10,0,21.32
60,Grant HillORL,2005-2006,SF,21,29.2,15.1,5.7,11.6,49,0.1,0.4,25,3.7,4.9,76.5,3.8,2.3,1.1,0.3,1.7,0,0,19.06
61,Rasheed WallaceDET,2005-2006,PF,80,34.8,15.1,5.7,13.3,43,1.9,5.4,35.7,1.7,2.3,74.3,6.8,2.3,1,1.6,1.1,12,0,17.7
62,Manu GinobiliSA,2005-2006,G,65,27.9,15.1,4.8,10.3,46.2,1.3,3.3,38.2,4.3,5.5,77.8,3.5,3.6,1.6,0.4,1.9,2,0,22.43
63,Brad MillerSAC,2005-2006,C,79,37,15,5.5,11.1,49.5,0.4,1.1,38.6,3.5,4.3,82.8,7.8,4.7,0.8,0.8,2.3,29,0,17.52
64,Hedo TurkogluORL,2005-2006,SF,78,33.5,14.9,5.1,11.2,45.4,1.5,3.6,40.3,3.3,3.8,86.1,4.3,2.8,0.9,0.3,1.7,1,0,16.8
65,Lamar OdomLAL,2005-2006,PF,80,40.3,14.8,5.6,11.6,48.1,1,2.7,37.2,2.7,3.9,69,9.2,5.5,0.9,0.8,2.7,29,2,17.02
66,Cuttino MobleyLAC,2005-2006,SG,79,37.7,14.8,5.4,12.8,42.6,1.1,3.1,33.9,2.9,3.5,83.9,4.3,3,1.2,0.5,1.8,3,0,13.13
67,Raja BellPHX,2005-2006,SG,79,37.5,14.7,5.4,11.8,45.7,2.5,5.6,44.2,1.5,1.8,78.8,3.2,2.6,1,0.3,1.1,1,0,12.94
68,Jameer NelsonORL,2005-2006,G,62,28.8,14.6,5.6,11.6,48.3,1.1,2.7,42.4,2.3,2.9,77.9,2.9,4.9,1.1,0.1,2.4,2,0,19.55
69,Steve FrancisNY/ORL,2005-2006,PG,70,34.2,14.4,4.8,10.9,43.5,0.4,1.2,30.1,4.5,5.7,78.7,4.1,4.9,1.1,0.2,3.1,2,1,15.29
70,Jamal CrawfordNY,2005-2006,G,79,32.3,14.3,4.6,11.1,41.6,1.3,3.7,34.5,3.7,4.5,82.6,3.1,3.8,1.1,0.2,2.2,3,0,15.54
71,Luol DengCHI,2005-2006,F,78,33.4,14.3,5.7,12.2,46.3,0.3,1,26.9,2.7,3.5,75,6.6,1.9,0.9,0.6,1.3,11,0,15.86
72,Tayshaun PrinceDET,2005-2006,SF,82,35.3,14.1,5.5,12.2,45.5,0.8,2.2,35,2.2,2.9,76.5,4.2,2.3,0.8,0.5,1.1,3,0,14.87
73,Troy MurphyGS,2005-2006,PF,74,34,14,4.9,11.3,43.3,0.8,2.4,32,3.4,4.3,78.7,10,1.4,0.6,0.4,1.5,34,0,15.93
74,Darius MilesPOR,2005-2006,SF,40,32.2,14,5.9,12.8,46.1,0.1,0.3,20,2.2,4.1,53.4,4.6,1.8,1.1,1,2.5,1,0,12.52
75,Andre MillerDEN,2005-2006,PG,82,35.8,13.7,4.9,10.6,46.3,0.1,0.3,18.5,3.8,5.2,73.8,4.3,8.2,1.3,0.2,3.1,20,0,16.4
76,Mike MillerMEM,2005-2006,SG,74,30.6,13.7,4.8,10.3,46.6,1.9,4.6,40.7,2.3,2.8,80,5.4,2.7,0.7,0.4,1.9,6,1,17.3
77,Eddy CurryNY,2005-2006,NA,72,25.9,13.6,4.7,8.3,56.3,0,0,0,4.3,6.8,63.2,6,0.3,0.4,0.8,2.5,10,0,17.06
78,Bonzi WellsSAC,2005-2006,SG,52,32.4,13.6,5.5,11.8,46.3,0.2,0.9,22.2,2.5,3.7,67.9,7.7,2.8,1.8,0.5,2.4,9,0,16.68
79,Nenad KrsticNJ,2005-2006,C,80,30.9,13.5,5.6,11,50.7,0,0.1,25,2.3,3.3,69.8,6.4,1.1,0.4,0.8,1.7,12,0,14.49
80,Bobby SimmonsMIL,2005-2006,SF,75,33.8,13.4,4.9,10.8,45.3,1.4,3.3,42,2.2,2.7,82.5,4.4,2.3,1.1,0.3,1.6,4,0,13.87
81,Boris DiawPHX,2005-2006,C,81,35.5,13.3,5.5,10.5,52.6,0.1,0.4,26.7,2.1,2.9,73.1,6.9,6.2,0.7,1,2.3,18,4,17.31
82,Jason KiddNJ,2005-2006,PG,80,37.2,13.3,4.6,11.3,40.4,1.7,4.9,35.2,2.4,3.1,79.5,7.3,8.4,1.9,0.4,2.4,28,8,19.2
83,Derek FisherGS,2005-2006,PG,82,31.6,13.3,4.4,10.8,41,1.4,3.6,39.7,3,3.6,83.3,2.6,4.3,1.5,0.1,1.9,5,0,14.87
84,Emeka OkaforCHA,2005-2006,C,26,33.6,13.2,5,12.2,41.5,0,0,0,3.2,4.8,65.6,10,1.2,0.8,1.9,2,16,0,14.94
85,Leandro BarbosaPHX,2005-2006,G,57,27.9,13.1,4.8,9.9,48.1,1.5,3.4,44.4,1.9,2.6,75.5,2.6,2.8,0.8,0.1,1.6,0,0,15.14
86,Jerry StackhouseDAL,2005-2006,SF,55,27.7,13,4.4,11,40.1,0.7,2.4,27.7,3.5,4,88.2,2.8,2.9,0.7,0.2,2.2,0,0,14.56
86,Charlie VillanuevaTOR,2005-2006,PF,81,29.1,13,5.4,11.6,46.3,0.9,2.6,32.7,1.4,2,70.6,6.4,1.1,0.7,0.8,1.2,12,0,16.45
88,Andres NocioniCHI,2005-2006,SF,82,27.3,13,4.7,10.1,46.1,1.1,2.9,39.1,2.5,3,84.3,6.1,1.4,0.5,0.6,1.5,13,0,16.12
89,Kenyon MartinDEN,2005-2006,PF,56,27.6,12.9,5.3,10.7,49.5,0.1,0.4,22.7,2.2,3,71.2,6.3,1.4,0.8,0.9,1.3,7,0,16.75
90,Marcus CambyDEN,2005-2006,C,56,33.2,12.8,5.4,11.6,46.5,0,0.2,9.1,2,2.8,71.2,11.9,2.1,1.4,3.3,1.6,30,0,20
91,Brevin KnightCHA,2005-2006,PG,69,34.1,12.6,4.5,11.2,39.9,0,0.2,23.1,3.7,4.6,80.3,3.2,8.8,2.3,0.1,2.4,19,0,17.4
92,Earl BoykinsDEN,2005-2006,PG,60,25.7,12.6,4.5,11,41,1,3,34.6,2.5,2.9,87.4,1.4,3.8,0.8,0.1,1.4,1,0,15.7
93,Matt HarpringUTAH,2005-2006,SF,71,27.4,12.5,4.5,9.5,47.5,0.2,0.5,35.9,3.2,4.4,72.5,5.2,1.4,0.8,0.2,1.5,4,0,16.31
94,Primoz BrezecCHA,2005-2006,C,79,27.4,12.4,5.2,10,51.7,0,0,0,2.1,2.8,73.2,5.6,0.6,0.2,0.4,1.1,7,0,15.29
95,Jason WilliamsMIA,2005-2006,PG,59,31.8,12.3,4.5,10.3,44.2,1.8,4.9,37.2,1.4,1.7,86.7,2.4,4.9,0.9,0.1,1.7,1,0,15.04
96,Channing FryeNY,2005-2006,F,65,24.2,12.3,4.7,9.8,47.7,0,0.1,33.3,2.9,3.5,82.5,5.8,0.8,0.5,0.7,1.5,3,0,18.12
97,Shareef Abdur-RahimSAC,2005-2006,PF,72,27.2,12.3,4.6,8.8,52.5,0.1,0.3,22.7,3,3.9,78.4,5,2.1,0.7,0.6,1.5,3,0,17.31
97,Jalen RoseTOR/NY,2005-2006,SG,72,27.5,12.3,4,9.5,42.3,0.8,2.4,34.3,3.4,4.4,78,2.9,2.5,0.4,0.2,1.6,1,0,13.95
99,Juan DixonPOR,2005-2006,SG,76,25.3,12.3,4.7,10.8,43.5,0.9,2.2,38.2,2.1,2.6,80.4,2.3,2,0.8,0.1,1.5,0,0,14.59
100,Andre IguodalaPHI,2005-2006,F,82,37.6,12.3,4.2,8.4,50,0.7,1.9,35.4,3.2,4.3,75.4,5.9,3.1,1.6,0.3,1.9,7,0,14.86
101,Speedy ClaxtonNO,2005-2006,PG,71,28.4,12.3,4.3,10.4,41.3,0.2,0.9,27,3.5,4.5,76.9,2.7,4.8,1.5,0.1,2.2,4,0,16.2
102,Antoine WalkerMIA,2005-2006,PF,82,26.8,12.2,4.8,11,43.5,1.7,4.7,35.8,1,1.6,62.8,5.1,2,0.6,0.4,1.8,4,0,14.47
103,T.J. FordMIL,2005-2006,PG,72,35.5,12.2,4.6,11,41.6,0.5,1.4,33.7,2.6,3.4,75.4,4.3,6.6,1.4,0.1,3,10,0,13.16
104,Mo WilliamsMIL,2005-2006,PG,58,26.4,12.1,4.6,10.8,42.4,1.3,3.3,38.2,1.7,1.9,85,2.5,4,0.9,0.1,1.8,1,0,15.05
105,Ruben PattersonPOR/DEN,2005-2006,PF,71,25.2,12.1,4.6,8.9,51.5,0,0.2,7.7,2.9,4.8,60.1,3.4,1.8,1.1,0.3,2.1,0,0,16.4
106,Rafer AlstonHOU,2005-2006,PG,63,38.6,12.1,4.4,11.7,37.9,1.6,5,32.7,1.6,2.3,69.2,4,6.7,1.6,0.2,2.5,6,0,12.65
107,Chris KamanLAC,2005-2006,C,78,32.8,11.9,4.7,9.1,52.3,0,0,0,2.5,3.2,77,9.6,1,0.6,1.4,2.3,29,0,15.01
108,Raymond FeltonCHA,2005-2006,G,80,30.1,11.9,4.3,11,39.1,1.2,3.4,35.8,2,2.8,72.5,3.3,5.6,1.3,0.1,2.3,13,0,14.3
109,Eddie JonesMEM,2005-2006,SG,75,32.5,11.8,3.9,9.6,40.4,1.8,5,35.6,2.2,2.9,78.1,3.7,2.4,1.7,0.4,1.2,1,0,14.71
110,Juwan HowardHOU,2005-2006,PF,80,31.7,11.8,4.9,10.7,45.9,0,0.1,0,1.9,2.4,80.6,6.7,1.4,0.6,0.1,1.7,10,0,12.52
111,Delonte WestBOS,2005-2006,SG,71,34.1,11.8,4.7,9.6,48.7,1.2,3.1,38.5,1.2,1.4,85.1,4.1,4.6,1.2,0.6,1.9,2,0,15.11
112,Damon StoudamireMEM,2005-2006,PG,27,31.9,11.7,4.2,10.6,39.7,1.3,3.9,34.6,2,2.3,85.5,3.5,4.7,0.7,0,2,0,0,13.79
113,Zaza PachuliaATL,2005-2006,C,78,31.4,11.7,3.9,8.7,45.1,0,0,0,3.8,5.2,73.5,7.9,1.7,1.1,0.5,2.3,21,0,15.03
114,Luke RidnourSEA,2005-2006,PG,79,33.2,11.5,4.2,10.1,41.8,0.5,1.9,28.9,2.5,2.9,87.7,3,7,1.6,0.3,2.1,12,0,16.04
115,Mike DunleavyGS,2005-2006,SG,81,31.8,11.5,4.1,10.1,40.6,0.9,3.2,28.5,2.4,3.1,77.8,4.9,2.9,0.7,0.4,1.5,3,0,12.51
116,Smush ParkerLAL,2005-2006,PG,82,33.8,11.5,4.2,9.5,44.7,1.5,4,36.6,1.5,2.2,69.4,3.3,3.7,1.7,0.2,1.8,2,0,13.39
117,Kyle KorverPHI,2005-2006,G,82,31.3,11.5,4,9.3,43,2.2,5.3,42,1.2,1.5,84.9,3.3,2,0.8,0.3,1.2,1,0,12.3
118,Bobby JacksonMEM,2005-2006,PG,71,25,11.4,4,10.5,38.2,1.8,4.7,38.9,1.5,2.1,73.3,3.1,2.7,0.9,0,1.4,0,0,14.64
119,Mark BlountBOS/MIN,2005-2006,C,81,27.7,11.3,4.6,9.1,50.8,0,0,0,2.1,2.7,75.7,4.5,1.2,0.5,0.9,2.4,3,0,12.12
120,Josh SmithATL,2005-2006,PF,80,32,11.3,4.1,9.7,42.5,0.4,1.4,30.9,2.6,3.7,71.9,6.6,2.4,0.8,2.6,2,11,0,15.63
121,Ronald MurraySEA/CLE,2005-2006,SG,76,27.8,11.2,4.2,10.1,41.8,0.5,1.9,26.2,2.3,3.2,71.1,2,2.6,0.9,0.1,1.8,0,0,11.57
122,Tyronn LueATL,2005-2006,PG,51,24.2,11,3.8,8.2,45.9,1.1,2.5,45.7,2.3,2.7,85.5,1.6,3.1,0.5,0.1,1.5,0,0,15.59
123,DeShawn StevensonORL,2005-2006,SG,82,32.3,11,4.4,9.5,46,0,0.2,13.3,2.2,3,74.4,2.9,2,0.7,0.2,1.5,0,0,10.93
124,Desmond MasonNO,2005-2006,SF,70,30,10.8,3.9,9.9,39.9,0,0.1,16.7,2.9,4.3,68.2,4.3,0.9,0.6,0.2,1.6,1,0,9.26
125,Kevin MartinSAC,2005-2006,SG,72,26.6,10.8,3.6,7.6,48,0.9,2.5,36.9,2.6,3.1,84.7,3.6,1.3,0.8,0.1,1.1,2,0,14.9
126,Deron WilliamsUTAH,2005-2006,PG,80,28.8,10.8,4.2,10.1,42.1,1.1,2.7,41.6,1.2,1.7,70.4,2.4,4.5,0.8,0.2,1.8,5,0,12.42
127,Drew GoodenCLE,2005-2006,PF,79,27.5,10.7,4.2,8.3,51.2,0,0,33.3,2.2,3.3,68.2,8.4,0.7,0.7,0.6,1.3,23,0,17.67
128,Gordan GiricekUTAH,2005-2006,SG,37,25.8,10.6,4.5,10.4,43.3,0.5,1.6,30.5,1.2,1.5,75.4,1.9,1.7,0.4,0.1,1.7,0,0,8.77
129,Jumaine JonesCHA,2005-2006,SF,76,27.5,10.5,3.9,9.7,40.5,1.5,4.4,34.3,1.2,1.6,72.7,4.9,0.8,0.9,0.3,1,3,0,12.17
130,Tim ThomasCHI/PHX,2005-2006,PF,29,23,10.3,3.9,9,43.1,1.6,3.8,41.4,1,1.4,66.7,4.5,0.7,0.6,0.2,1.1,0,0,12.23
131,Chris MihmLAL,2005-2006,C,59,26.1,10.2,3.9,7.8,50.1,0,0,0,2.4,3.4,71.6,6.3,1,0.3,1.2,1.4,7,0,15.32
132,Marquis DanielsDAL,2005-2006,SG,62,28.5,10.2,4,8.3,48,0.1,0.3,21.1,2.2,3,75.4,3.6,2.8,1.1,0.2,1.6,0,0,15
133,Michael FinleySA,2005-2006,SG,77,26.5,10.1,3.7,9,41.2,1.4,3.6,39.4,1.3,1.5,85.2,3.2,1.5,0.5,0.1,0.8,1,0,12.73
134,Shane BattierMEM,2005-2006,SF,81,35,10.1,3.7,7.7,48.8,0.8,2,39.4,1.8,2.6,70.7,5.3,1.7,1.1,1.4,1.1,4,0,14.73
135,Kareem RushCHA,2005-2006,SG,47,23.6,10.1,3.9,10,38.6,1.2,3.5,34.8,1.2,1.6,71.4,2.2,1.1,0.8,0.3,1.4,0,0,9.78
136,Josh ChildressATL,2005-2006,F,74,30.4,10,3.8,6.8,55.2,0.4,0.9,49.2,2.1,2.7,76.6,5.2,1.8,1.2,0.5,1.4,6,0,15.83
137,Marcus BanksBOS/MIN,2005-2006,PG,58,25.8,10,3.8,8.1,46.8,0.4,1.1,34.9,2,2.5,80.3,2.3,3.8,0.9,0.2,2.1,0,0,13.68
138,Devin HarrisDAL,2005-2006,G,56,22.8,9.9,3.4,7.2,46.9,0.1,0.4,23.8,3,4.2,71.6,2.2,3.2,0.9,0.3,1.5,1,0,17.51
139,David WesleyHOU,2005-2006,SG,71,33.4,9.9,3.2,7.9,40.3,1.4,3.8,36.5,2.1,2.6,80.7,2.5,2.9,0.8,0.1,1.7,0,0,9.61
140,Eddie HousePHX,2005-2006,SG,81,17.5,9.8,4,9.4,42.2,1.5,3.9,38.9,0.4,0.5,80.5,1.6,1.8,0.5,0.1,0.9,0,0,15.3
141,Melvin ElyCHA,2005-2006,C,57,23.6,9.8,3.8,7.5,50.8,0,0,0,2.2,3.4,66.7,4.9,1.3,0.5,0.8,1.8,2,0,14.36
142,Vladimir RadmanovicLAC/SEA,2005-2006,SF,77,25.6,9.8,3.4,8.4,40.7,1.8,4.6,39,1.2,1.5,81.6,4.6,1.8,0.8,0.4,1.2,7,0,13.62
143,Salim StoudamireATL,2005-2006,SG,61,20.3,9.7,3.3,8.1,41.5,1.3,3.5,38,1.6,1.8,90,1.9,1.2,0.4,0,1.3,0,0,12.54
144,Antonio DanielsWSH,2005-2006,PG,80,28.5,9.6,2.9,6.9,41.8,0.3,1.3,22.8,3.6,4.2,84.5,2.2,3.6,0.7,0.1,1.1,0,0,13.77
145,Fred JonesIND,2005-2006,SG,68,27,9.6,3.4,8.2,41.7,0.9,2.8,33.7,1.8,2.4,76.3,2.5,2.3,0.8,0.3,1.6,0,0,11.02
146,Chucky AtkinsWSH/MEM,2005-2006,PG,71,24.1,9.5,3.2,8.1,39.4,1.4,3.9,35.4,1.8,2.3,79.1,1.7,2.8,0.6,0,1.2,0,0,12.98
147,Troy HudsonMIN,2005-2006,PG,36,22.2,9.5,3.5,9.3,38.1,1.1,2.8,39.6,1.3,1.4,92.3,1.2,2.9,0.3,0.1,1.1,0,0,12.38
148,Sebastian TelfairPOR,2005-2006,PG,68,24.1,9.5,3.4,8.5,39.4,0.8,2.4,35.2,1.9,2.6,74.3,1.8,3.6,1,0.1,1.7,0,0,13.02
149,Keyon DoolingORL,2005-2006,PG,50,22.7,9.4,3.6,8.1,44,0.3,0.9,30.2,2,2.4,83.5,1.6,2.2,1,0.1,1.6,0,0,12.58
150,Andrew BogutMIL,2005-2006,C,82,28.6,9.4,3.9,7.4,53.3,0,0,0,1.5,2.4,62.9,7,2.3,0.6,0.8,1.5,12,0,15.21
151,Udonis HaslemMIA,2005-2006,PF,81,30.8,9.3,3.7,7.3,50.8,0,0,0,1.9,2.5,78.9,7.8,1.2,0.6,0.2,1,14,0,13.7
152,Jarvis HayesWSH,2005-2006,SF,21,24.6,9.3,3.7,8.7,42.1,0.8,2.2,36.2,1.2,1.4,83.3,3.6,1.3,0.8,0,1,0,0,12.19
153,James JonesPHX,2005-2006,SG,75,23.6,9.3,3.2,7.7,41.8,1.5,3.8,38.6,1.4,1.6,85.1,3.4,0.8,0.5,0.7,0.5,2,0,13.22
154,Nate RobinsonNY,2005-2006,PG,72,21.4,9.3,3.2,7.8,40.7,0.8,2,39.7,2.1,2.8,75.2,2.3,2,0.8,0,1.6,0,0,12.67
155,Jamaal TinsleyIND,2005-2006,PG,42,26.7,9.3,3.8,9.2,40.9,0.4,1.7,22.9,1.4,2.2,63.7,3.2,5,1.2,0.1,2.6,1,0,12.16
156,Donyell MarshallCLE,2005-2006,PF,81,25.6,9.3,3.3,8.3,39.5,1.6,4.9,32.4,1.1,1.5,74.8,6.1,0.7,0.7,0.5,1.1,5,0,13.49
157,Mickael PietrusGS,2005-2006,SF,52,22.7,9.3,3.3,8,40.4,1.1,3.4,31.8,1.7,2.8,60.8,3.1,0.8,0.6,0.2,1.5,1,0,10.01
158,Trenton HassellMIN,2005-2006,SF,77,32.6,9.2,3.7,8,46.4,0.1,0.3,30.4,1.7,2.3,74.4,2.8,2.6,0.6,0.4,1.6,1,0,9.56
159,Anthony JohnsonIND,2005-2006,PG,75,26.4,9.2,3.6,8,44.3,0.7,2.1,32.9,1.4,1.9,75.2,2.2,4.3,0.8,0.3,1.5,2,0,14.27
160,Jamaal MagloireMIL,2005-2006,C,82,30.1,9.2,3.5,7.5,46.7,0,0,0,2.2,4.1,53.5,9.5,0.7,0.4,1,2,17,0,11.16
161,Darius SongailaCHI,2005-2006,PF,62,21.4,9.2,3.8,7.9,48.1,0,0.1,40,1.5,1.9,81.7,4,1.4,0.6,0.3,1.4,2,0,13.67
162,Kenny ThomasSAC,2005-2006,PF,82,28,9.1,3.7,7.4,50.5,0,0,0,1.7,2.5,67.6,7.5,2,0.9,0.5,1.6,20,1,15.08
163,P.J. BrownNO,2005-2006,PF,75,31.7,9,3.6,7.8,46.1,0,0,0,1.9,2.2,82.7,7.3,1.2,0.6,0.7,1.2,9,0,12.72
164,Keith Van HornDAL,2005-2006,PF,53,20.6,8.9,3.1,7.3,42.4,0.9,2.6,36.8,1.8,2.1,83.2,3.6,0.7,0.6,0.2,1.3,2,0,13.84
165,Earl WatsonSEA/DEN,2005-2006,PG,70,22.5,8.9,3.1,7.3,43,1.6,3.9,40.4,1.1,1.6,67.6,2.3,4.1,1,0.1,1.9,1,0,14.57
166,Stromile SwiftHOU,2005-2006,PF,66,20.4,8.9,3.4,6.9,49.1,0,0,0,2.1,3.2,65.1,4.4,0.4,0.6,0.8,1.4,3,0,14.71
167,Bracey WrightMIN,2005-2006,SG,7,19.3,8.9,3,7.3,41.2,0.9,2.4,35.3,2,2.3,87.5,2.6,0.7,0.1,0,1.1,0,0,12.06
168,Luther HeadHOU,2005-2006,PG,80,28.9,8.8,3.2,7.9,40.3,1.4,3.9,36.1,1.1,1.5,69.9,3.3,2.7,1.1,0.1,1.5,1,0,11.24
169,Chris DuhonCHI,2005-2006,PG,74,29.1,8.7,2.9,7.3,40,1.4,3.8,36,1.6,1.9,81.8,3,5,0.9,0,1.6,2,1,12.95
170,Rasual ButlerNO,2005-2006,SF,79,23.7,8.7,3.3,8,40.6,1.2,3.1,38,1,1.4,69.3,2.9,0.5,0.4,0.6,0.8,1,0,10.83
171,Amar'e StoudemirePHX,2005-2006,C,3,16.7,8.7,3,9,33.3,0,0.3,0,2.7,3,88.9,5.3,0.7,0.3,1,0.3,0,0,17.83
172,Keith BogansCHA/HOU,2005-2006,SG,72,26.6,8.6,3,7.6,39.5,0.9,2.8,32.5,1.8,2.6,68.3,3.5,1.8,1,0.1,1.3,0,0,10.69
173,Joe SmithMIL,2005-2006,PF,44,20.2,8.6,3.3,6.9,47.5,0,0,0,2,2.6,77.4,5.2,0.7,0.5,0.3,0.9,5,0,16.13
174,Kurt ThomasPHX,2005-2006,PF,53,26.6,8.6,3.6,7.4,48.6,0,0,0,1.4,1.7,81.5,7.8,1.1,0.4,1,1.1,8,0,13.11
175,Marvin WilliamsATL,2005-2006,F,79,24.7,8.5,3,6.7,44.3,0.2,0.7,24.5,2.4,3.2,74.7,4.8,0.8,0.6,0.3,1.1,4,0,12.24
176,Charlie BellMIL,2005-2006,SG,59,21.7,8.4,3.1,6.9,43.9,1.2,2.8,42.3,1.1,1.5,70.8,2,2.2,1,0.1,0.7,2,1,14.74
177,Steve BlakePOR,2005-2006,PG,68,26.2,8.2,3,6.9,43.8,1.1,2.7,41.3,1.1,1.3,79.1,2.1,4.5,0.6,0.1,1.2,3,0,14.56
178,Sean MayCHA,2005-2006,C,23,17.3,8.2,3,7.4,40.9,0,0.2,0,2.1,2.8,76.6,4.7,1,0.7,0.5,1.4,1,0,15.3
179,Quentin RichardsonNY,2005-2006,SF,55,26.2,8.2,3,8.3,35.5,1.2,3.4,34,1.1,1.7,67,4.2,1.6,0.7,0.1,1,0,0,9.61
180,Austin CroshereIND,2005-2006,PF,50,23,8.2,2.6,5.7,46.3,1.1,2.8,38.6,1.8,2,88.2,5.3,1.2,0.4,0.1,1,4,0,15.31
181,Chris WilcoxLAC/SEA,2005-2006,PF,77,19.9,8.1,3.3,5.8,57.1,0,0,0,1.5,2,73.2,5.3,0.7,0.4,0.4,0.9,8,0,17.35
182,Derek AndersonMIA/HOU,2005-2006,SG,43,24.3,8.1,2.5,7,35.6,0.9,3.1,29.9,2.2,2.6,83.8,3.3,2.3,0.5,0.1,1.3,0,0,10.82
183,Michael SweetneyCHI,2005-2006,PF,66,18.5,8.1,3,6.7,45,0,0,0,2,3.1,65.2,5.3,0.9,0.3,0.8,1.4,6,0,13.88
184,Kirk SnyderNO,2005-2006,SG,68,19.3,8,3,6.7,45.3,0.7,1.9,35.7,1.3,1.7,73.5,2.4,1.5,0.4,0.3,1,1,0,14.67
185,Rashad McCantsMIN,2005-2006,SG,79,17.2,7.9,3.1,6.8,45,0.8,2.3,37.2,1,1.3,73.6,1.8,0.8,0.6,0.3,1.1,0,0,12.61
186,Brian CookLAL,2005-2006,PF,81,19,7.9,3.2,6.3,51.1,0.4,1,42.9,1,1.2,83.2,3.4,0.9,0.5,0.4,0.8,1,0,15.7
187,Tony BattieORL,2005-2006,C,82,27,7.9,3.4,6.7,50.7,0,0.1,0,1.1,1.6,66.4,5.6,0.6,0.6,0.8,1.1,6,0,12.21
188,Al JeffersonBOS,2005-2006,C,59,18,7.9,3.2,6.4,49.9,0,0.1,0,1.5,2.3,64.2,5.1,0.5,0.5,0.8,1.1,5,0,16.23
189,Alonzo MourningMIA,2005-2006,C,65,20,7.8,2.9,4.8,59.7,0,0,0,2,3.4,59.4,5.5,0.2,0.2,2.7,1.2,9,0,19.45
190,Marko JaricMIN,2005-2006,PG,75,28,7.8,3,7.5,39.9,0.5,1.8,30.1,1.3,1.8,68.8,3.1,3.9,1.4,0.3,1.7,2,0,11.7
191,Raef LaFrentzBOS,2005-2006,C,82,24.8,7.8,2.9,6.7,43.1,1.4,3.5,39.2,0.6,0.9,68,5,1.4,0.4,0.9,0.8,3,0,12.03
192,Antonio McDyessDET,2005-2006,PF,82,21.1,7.8,3.5,6.8,50.9,0,0,0,0.8,1.5,55.7,5.3,1.1,0.6,0.6,0.9,5,0,15.53
193,Gary PaytonMIA,2005-2006,PG,81,28.5,7.7,2.8,6.8,42,0.8,2.8,28.7,1.2,1.6,79.4,2.9,3.2,0.9,0.1,1.3,0,0,10.78
194,JR SmithNO,2005-2006,G,55,18,7.7,2.6,6.7,39.3,0.9,2.5,37.1,1.5,1.8,82.2,2,1.1,0.7,0.1,1,1,0,12.77
195,Matt CarrollCHA,2005-2006,SG,78,16.3,7.6,2.5,6.1,40.3,0.9,2.4,38.9,1.8,2.2,82.1,2,0.4,0.6,0.1,0.6,0,0,13.96
196,Tony DelkATL/DET,2005-2006,PG,24,16,7.6,3,6.7,44.1,0.8,2,42.6,0.8,1.1,74.1,2.2,1.4,0.5,0,0.8,0,0,16.25
197,Ryan GomesBOS,2005-2006,SF,61,22.6,7.6,2.8,5.8,48.7,0,0.1,33.3,1.8,2.4,75.2,4.9,1,0.6,0.1,0.9,8,0,14.09
198,Bruce BowenSA,2005-2006,SF,82,33.6,7.5,2.8,6.5,43.3,1.3,3,42.4,0.6,1,60.7,3.9,1.5,1,0.4,0.8,0,0,9.16
198,John SalmonsPHI,2005-2006,SF,82,25.1,7.5,2.7,6.4,42,0.3,1.1,29.9,1.9,2.4,77.5,2.7,2.7,0.9,0.2,1.5,3,0,10.7
200,Devin BrownUTAH,2005-2006,SG,81,21.1,7.5,2.6,6.5,39.3,0.5,1.5,33.1,2,2.6,74.5,2.6,1.3,0.5,0.2,1.2,0,0,10.34
201,Danny GrangerIND,2005-2006,SF,78,22.6,7.5,2.8,6.1,46.2,0.4,1.2,32.3,1.5,1.9,77.7,4.9,1.2,0.7,0.8,1,6,0,14.74
202,Matt BonnerTOR,2005-2006,C,78,21.9,7.5,2.7,6,44.8,1.3,3.1,42,0.8,1,82.9,3.6,0.7,0.6,0.4,0.4,2,0,13.79
203,Nick CollisonSEA,2005-2006,F,66,21.9,7.5,3.1,6,52.5,0,0,0,1.2,1.7,69.9,5.6,1.1,0.3,0.5,1.2,8,0,14.01
204,Kwame BrownLAL,2005-2006,C,72,27.5,7.4,2.8,5.4,52.6,0,0,0,1.8,3.3,54.5,6.6,1,0.4,0.6,1.4,7,0,11.77
205,Samuel DalembertPHI,2005-2006,C,66,26.7,7.3,3,5.6,53.1,0,0,0,1.4,2,70.5,8.2,0.4,0.5,2.4,1.6,10,0,14.22
206,Voshon LenardPOR/DEN,2005-2006,SG,26,17.6,7.3,2.9,7.3,39.3,1,3,32.1,0.6,1.2,51.6,1.8,1.6,0.8,0.2,1.2,1,0,10.96
207,Sarunas JasikeviciusIND,2005-2006,PG,75,20.8,7.3,2.3,5.7,39.6,1.1,3.1,36.4,1.6,1.8,91,2,3,0.5,0.1,1.5,1,0,12.88
208,Ben WallaceDET,2005-2006,PF,82,35.2,7.3,2.9,5.7,51,0,0,0,1.5,3.6,41.6,11.3,1.9,1.8,2.2,1.1,17,0,17.54
209,Brendan HaywoodWSH,2005-2006,C,79,23.8,7.3,2.8,5.5,51.4,0,0,0,1.7,2.8,58.5,5.9,0.6,0.4,1.3,1.2,7,0,13.82
210,Tony AllenBOS,2005-2006,SG,51,19.2,7.2,2.5,5.4,47.1,0.2,0.7,32.4,2,2.6,74.6,2.2,1.3,1,0.4,1.3,0,0,12.91
211,James PoseyMIA,2005-2006,SF,67,28.6,7.2,2.4,5.9,40.3,1.7,4.3,40.3,0.7,0.9,78.7,4.8,1.3,0.8,0.3,0.9,1,0,9.9
212,Ike DioguGS,2005-2006,PF,69,14.9,7,2.5,4.8,52.4,0,0,0,2,2.4,81,3.3,0.4,0.2,0.4,1.1,3,0,15.81
213,Willie GreenPHI,2005-2006,SG,10,15.3,7,2.8,6.6,42.4,1,1.9,52.6,0.4,0.5,80,1.5,0.5,0.2,0,1.2,0,0,8.6
214,Clifford RobinsonNJ,2005-2006,PF,80,23.3,6.9,2.7,6.4,42.7,0.8,2.2,34.3,0.7,1,65.8,3.3,1.1,0.6,0.5,0.8,0,0,9.61
215,Monta EllisGS,2005-2006,SG,49,18.1,6.8,2.7,6.5,41.5,0.6,1.7,34.1,0.9,1.2,71.2,2.1,1.6,0.7,0.2,1.2,0,0,11.13
216,Damon JonesCLE,2005-2006,PG,82,25.5,6.7,2.3,6,38.7,1.7,4.5,37.7,0.4,0.6,64,1.6,2.1,0.5,0,0.7,0,0,9.3
217,Greg BucknerDEN,2005-2006,SG,73,24.1,6.7,2.5,5.7,43.4,1.2,3.3,35.4,0.6,0.8,78.2,2.9,1.7,1.2,0.3,0.7,0,0,11.45
218,Qyntel WoodsNY,2005-2006,SF,49,20.7,6.7,2.6,5.2,50.8,0.4,1.2,36.7,1,1.6,64.5,3.9,1,0.7,0.3,1.2,2,0,12.4
219,Marcus FizerSEA/NO,2005-2006,F,3,13,6.7,3,5.7,52.9,0.3,0.3,100,0.3,0.7,50,2.3,0.3,0,0,0.7,0,0,14.14
219,Amir JohnsonDET,2005-2006,F,3,13,6.7,2.3,3.3,70,0.7,1,66.7,1.3,1.3,100,1.3,1,0,0.7,1.3,0,0,20.37
221,Joey GrahamTOR,2005-2006,SF,80,19.8,6.7,2.5,5.2,47.8,0.4,1.1,33.3,1.4,1.7,81.2,3.1,0.8,0.5,0.2,1.2,0,0,10.26
222,Jarrett JackPOR,2005-2006,G,79,20.2,6.7,2.4,5.4,44.2,0.3,1,26.3,1.6,2,80,2,2.8,0.5,0,1.3,0,0,12.37
223,Martell WebsterPOR,2005-2006,SF,61,17.5,6.6,2.3,5.7,39.9,1.1,3,35.7,1,1.2,85.9,2.1,0.6,0.3,0.2,0.7,0,0,11.75
224,Damien WilkinsSEA,2005-2006,SG,82,18.6,6.5,2.4,5.3,44.4,0.2,0.7,25,1.7,2,84,2.3,1.3,0.9,0.1,1,2,0,13.2
225,Marc JacksonNO/NJ,2005-2006,PF,64,16,6.5,2.7,5.8,47.2,0,0,50,1,1.3,80.5,3.4,0.7,0.2,0.1,1,2,0,12.61
226,Robert SwiftSEA,2005-2006,C,47,21,6.4,2.6,5.1,51.5,0,0,0,1.1,1.9,58.2,5.6,0.2,0.3,1.2,1,2,0,12.75
227,Bernard RobinsonCHA,2005-2006,SG,66,19.7,6.4,2.4,5.5,43,0,0.3,9.5,1.6,2,79.1,3.3,1.2,1.2,0.2,1.1,3,0,12.06
228,Jared JeffriesWSH,2005-2006,PF,77,25.3,6.4,2.4,5.4,45.1,0.2,0.6,32,1.3,2.2,58.9,4.9,1.9,0.8,0.6,1.3,2,0,11.62
229,Devean GeorgeLAL,2005-2006,SF,71,21.7,6.3,2.4,6,40,0.7,2.3,31.3,0.8,1.2,67.4,3.9,1,0.9,0.5,0.8,0,0,11.4
230,Maurice TaylorNY,2005-2006,PF,67,18.1,6.3,2.7,5.8,46.8,0,0,0,0.9,1.2,69.9,3.4,0.8,0.3,0.2,1.5,1,0,8.58
231,Milt PalacioUTAH,2005-2006,PG,71,19.4,6.2,2.4,5.7,42.4,0,0.2,6.3,1.4,2.1,65.3,1.9,2.7,0.7,0.2,1.5,0,0,9.98
232,Nazr MohammedSA,2005-2006,C,80,17.4,6.2,2.4,4.7,50.4,0,0,0,1.4,1.8,78.5,5.2,0.5,0.3,0.6,1.1,5,0,15.02
233,Joel PrzybillaPOR,2005-2006,C,56,24.9,6.1,2.3,4.3,54.8,0,0,0,1.5,2.8,53.2,7,0.8,0.4,2.3,1.4,6,0,15.32
234,DerMarr JohnsonDEN,2005-2006,SF,58,15.9,6.1,2.3,5.3,43.1,1,2.8,35,0.6,0.7,81,1.7,0.9,0.4,0.4,0.8,0,0,11.77
235,Steven HunterNO/PHI,2005-2006,C,69,19,6.1,2.5,4.2,60.1,0,0,0,1,2,51.4,3.9,0.2,0.2,1.1,0.9,2,0,13.92
236,Jeff FosterIND,2005-2006,PF,63,25.1,5.9,2.2,4,55.2,0,0.1,0,1.5,2.5,60.4,9.1,0.8,0.7,0.4,1,7,0,15.12
237,Victor KhryapaPOR,2005-2006,PF,69,21.6,5.8,2.3,5,46.2,0.1,0.4,33.3,1.1,1.6,69.4,4.4,1.3,0.7,0.4,1.2,3,0,11.6
238,Carlos ArroyoDET/ORL,2005-2006,PG,77,15.5,5.8,2.2,4.9,44.4,0.1,0.3,35,1.4,1.8,77.4,1.7,3,0.5,0.1,1.1,0,0,15.68
239,Brent BarrySA,2005-2006,SG,74,17,5.8,2.1,4.7,45.2,1.1,2.7,39.6,0.5,0.8,66.1,2.1,1.7,0.5,0.4,0.7,0,0,14.92
240,Lorenzen WrightMEM,2005-2006,PF,78,21.7,5.8,2.5,5.2,47.8,0,0,0,0.8,1.5,56.4,5.1,0.6,0.7,0.6,0.9,3,0,12.19
241,Travis OutlawPOR,2005-2006,SF,69,16.7,5.8,2.3,5.3,44,0.2,0.8,26.4,0.9,1.3,69.7,2.7,0.5,0.4,0.7,0.5,1,0,12.9
242,Shaun LivingstonLAC,2005-2006,G,61,25,5.8,2.4,5.7,42.7,0,0.1,12.5,0.9,1.3,68.8,3,4.5,0.8,0.5,1.8,1,0,10.26
243,Alan AndersonCHA,2005-2006,SG,36,15.7,5.8,2.1,5,41.4,0.7,1.6,41.4,0.9,1.1,80.5,1.9,0.9,0.3,0.1,0.9,0,0,10.44
244,David HarrisonIND,2005-2006,C,67,15.4,5.7,2.2,4.4,50.3,0,0,0,1.3,2.6,51.1,3.8,0.2,0.3,0.9,1.2,2,0,11.89
245,Erick DampierDAL,2005-2006,C,82,23.6,5.7,2.1,4.2,49.3,0,0,0,1.5,2.6,59.1,7.8,0.6,0.3,1.3,1.4,7,0,13.96
246,Reggie EvansSEA/DEN,2005-2006,C,67,20.8,5.6,2,4,48.9,0,0,0,1.7,3.2,53,7.5,0.6,0.6,0.1,1.3,6,0,12.56
246,Francisco GarciaSAC,2005-2006,SG,67,19.4,5.6,1.9,4.9,40,0.6,2,28.5,1.2,1.5,77.2,2.8,1.4,0.6,0.7,1.1,1,0,10.37
248,Keith McLeodUTAH,2005-2006,PG,66,18.7,5.6,1.8,5.2,35.3,0.4,1.2,29.3,1.6,2,79.7,1.2,2.3,0.6,0.1,1.2,0,0,8.69
249,Nick Van ExelSA,2005-2006,PG,65,15.2,5.5,2.1,5.3,39.7,0.8,2.4,35.7,0.4,0.6,68.3,1.4,1.9,0.2,0,0.9,0,0,10.97
250,Jose CalderonTOR,2005-2006,G,64,23.2,5.5,2.1,4.9,42.3,0.1,0.7,16.3,1.2,1.4,84.8,2.2,4.5,0.7,0.1,1.6,2,0,11.44
251,Eduardo NajeraDEN,2005-2006,PF,64,22.6,5.4,2,4.7,42.2,0.1,0.2,33.3,1.4,1.8,78.1,5.1,0.8,0.8,0.5,0.8,3,0,10.96
252,Jeff McInnisNJ,2005-2006,PG,28,17.4,5.3,2.3,5.1,44.1,0.1,0.6,18.8,0.7,1,69,1.8,1.9,0.4,0.1,1,0,0,9.19
253,Jackie ButlerNY,2005-2006,C,55,13.5,5.3,2.1,3.9,54.4,0,0,0,1.1,1.4,75.3,3.3,0.5,0.3,0.6,1.1,0,0,14.79
254,Jake VoskuhlCHA,2005-2006,C,51,16,5.3,2.2,5.1,43.7,0,0.1,33.3,0.8,1.2,68.3,3.6,0.8,0.5,0.5,0.6,0,0,11.07
255,Tyson ChandlerCHI,2005-2006,C,79,26.8,5.3,2,3.6,56.5,0,0,0,1.2,2.4,50.3,9,1,0.5,1.3,1.6,9,0,12.23
256,Jarron CollinsUTAH,2005-2006,C,79,21.9,5.3,1.6,3.5,46.1,0,0,0,2,2.8,71.7,4.2,1.2,0.5,0.3,0.8,1,0,11
257,Gerald GreenBOS,2005-2006,G,32,11.7,5.2,2.1,4.3,47.8,0.2,0.6,30,0.9,1.2,78.4,1.3,0.6,0.4,0.1,0.7,0,0,13.02
258,Kendrick PerkinsBOS,2005-2006,C,68,19.6,5.2,2,3.9,51.5,0,0,0,1.2,1.9,61.5,5.9,1,0.3,1.5,1.6,4,0,13.18
259,Johan PetroSEA,2005-2006,C,68,18.9,5.2,2.3,4.4,51,0,0,0,0.7,1.1,62.7,4.4,0.2,0.4,0.8,0.9,2,0,10.44
260,Dan GadzuricMIL,2005-2006,C,74,12,5.2,2.3,4.2,55.3,0,0,0,0.6,1.2,46.1,3.1,0.3,0.3,0.6,0.5,1,0,17.28
261,David LeeNY,2005-2006,PF,67,16.9,5.1,2,3.4,59.6,0,0,0,1.1,1.8,57.7,4.5,0.6,0.4,0.3,0.8,4,0,15.43
262,Robert HorrySA,2005-2006,PF,63,18.8,5.1,1.8,4.6,38.4,0.8,2.3,36.8,0.7,1.1,64.7,3.8,1.3,0.7,0.8,0.7,1,0,13.6
263,Beno UdrihSA,2005-2006,PG,54,10.9,5.1,2,4.3,45.5,0.4,1.3,34.3,0.7,0.9,78,1,1.7,0.3,0,1,0,0,15.28
264,Jake TsakalidisMEM,2005-2006,C,51,14.4,5,2,3.2,60.6,0,0,0,1.1,1.7,65.5,4.2,0.3,0.3,0.6,0.8,5,0,17.35
265,Maurice EvansDET,2005-2006,SG,80,14.2,5,1.9,4.3,45.2,0.5,1.5,37.1,0.7,0.8,80,2,0.8,0.5,0.2,0.5,0,0,14.11
266,Chris AndersenNO,2005-2006,PF,32,17.8,5,1.8,3.1,57.1,0,0,0,1.5,3.2,47.6,4.8,0.2,0.3,1.3,0.8,1,0,14.18
267,Jonathan BenderIND,2005-2006,SF,2,10.5,5,2,2.5,80,0,0,0,1,1,100,2,1,0,0.5,0,0,0,26.5
267,Luke WaltonLAL,2005-2006,SF,69,19.3,5,2,4.8,41.2,0.3,0.8,32.7,0.8,1.1,75,3.6,2.3,0.6,0.2,1.1,1,0,11.63
269,Michael OlowokandiBOS/MIN,2005-2006,C,48,19.1,5,2.2,5,44.6,0,0,0,0.5,1,51.1,4.6,0.5,0.5,0.7,1.1,2,0,8.34
270,Pat GarrityORL,2005-2006,PF,57,16.5,4.9,1.8,4.2,41.7,0.9,2.3,38.8,0.5,0.6,81.1,1.9,0.7,0.2,0.2,0.7,0,0,9.05
271,Malik AllenCHI,2005-2006,PF,54,13,4.9,2.2,4.6,49,0,0,100,0.4,0.7,60.5,2.6,0.4,0.3,0.3,0.6,0,0,11.55
272,Antonio DavisTOR/NY,2005-2006,PF,44,21.4,4.9,1.9,4.3,43.2,0,0,0,1.2,1.8,64.2,4.7,0.5,0.5,0.2,1.2,0,0,8.29
272,Theo RatliffPOR,2005-2006,C,55,23.7,4.9,2,3.4,57.1,0,0,0,1,1.5,65.1,5.1,0.5,0.3,1.6,0.9,1,0,12.23
274,Francisco ElsonDEN,2005-2006,C,72,21.9,4.9,2.1,3.9,53.2,0,0.1,20,0.7,1,66.2,4.7,0.7,0.8,0.6,0.9,3,0,10.1
275,Toni KukocMIL,2005-2006,SF,65,15.7,4.9,1.8,4.6,38.9,0.7,2.3,30.6,0.6,0.9,71.4,2.3,2.1,0.5,0.3,1,0,0,11.88
276,Darko MilicicDET/ORL,2005-2006,C,55,13.9,4.8,2.2,4.3,50.9,0,0,0,0.5,0.9,56,2.7,0.7,0.3,1.4,0.9,0,0,15.21
277,Othella HarringtonCHI,2005-2006,PF,72,11.4,4.8,1.9,3.8,49.5,0,0,0,1.1,1.7,62.6,2.1,0.5,0.1,0.2,0.8,1,0,11.09
278,Jannero PargoCHI,2005-2006,PG,57,11.3,4.8,1.9,5.1,37.3,0.7,1.8,37.9,0.3,0.4,81,1.1,1.6,0.4,0,1.1,0,0,9.98
279,Eric SnowCLE,2005-2006,PG,82,28.7,4.8,2,4.9,40.9,0,0.1,10,0.8,1.1,68.8,2.4,4.2,0.9,0.2,1.4,1,0,8.08
280,Etan ThomasWSH,2005-2006,C,71,15.8,4.7,1.8,3.5,53.3,0,0,0,1.1,1.8,60,3.9,0.2,0.3,1,0.7,1,0,13.7
281,Quinton RossLAC,2005-2006,SF,67,22.6,4.7,1.9,4.6,42.2,0,0.1,0,0.9,1.1,76,2.5,1.2,0.8,0.2,0.7,0,0,7.36
282,Gerald FitchMIA/HOU,2005-2006,G,18,13.3,4.7,1.7,4.9,33.7,0.4,1.4,26.9,0.9,1.3,73.9,1.7,1.8,0.4,0.3,0.8,0,0,10.24
283,Zeljko RebracaLAC,2005-2006,C,29,14.2,4.7,1.8,3.3,54.2,0,0,0,1.1,1.4,75.6,2.2,0.3,0.2,0.7,0.8,0,0,10.67
284,Trevor ArizaNY/ORL,2005-2006,SF,57,17.5,4.6,1.6,4,41.2,0,0.1,20,1.4,2.2,60.6,3.8,1.1,1,0.2,1.1,2,0,11.83
285,Aaron WilliamsNO/TOR,2005-2006,C,48,16.5,4.6,1.9,3.7,51.7,0,0,0,0.8,1.2,69,3.8,0.4,0.4,0.4,0.6,1,0,11.6
286,Andre BarrettTOR/PHX,2005-2006,SG,19,14.8,4.6,2,5.5,36.5,0.1,0.7,14.3,0.5,0.6,75,1.3,2.7,0.5,0,0.8,0,0,11.32
287,Eddie GriffinMIN,2005-2006,PF,70,19.4,4.6,1.9,5.3,35.1,0.2,1.2,19.5,0.6,1.1,59.5,5.6,0.6,0.2,2.1,0.6,6,0,12.25
288,Anderson VarejaoCLE,2005-2006,C,48,15.8,4.6,1.6,3.1,52.7,0,0,0,1.3,2.5,51.3,4.9,0.4,0.6,0.4,0.6,2,0,14.75
289,Adrian GriffinDAL,2005-2006,SG,52,23.9,4.6,1.9,3.9,48,0,0,0,0.8,1,77.4,4.4,1.7,1,0.2,0.8,2,0,11.59
290,Sasha PavlovicCLE,2005-2006,SG,53,15.3,4.5,1.6,4,41,0.7,1.8,36.5,0.6,0.9,65.3,1.5,0.5,0.4,0.1,0.8,0,0,6.9
291,Rasho NesterovicSA,2005-2006,C,80,18.9,4.5,2.2,4.2,51.5,0,0,0,0.2,0.4,60,3.9,0.4,0.3,1.1,0.7,1,0,10.97
292,Justin ReedBOS/MIN,2005-2006,SF,72,13.8,4.5,1.7,4.1,40.3,0,0,0,1.2,1.7,72.5,1.7,0.6,0.3,0.2,0.7,0,0,7.88
293,Adonal FoyleGS,2005-2006,C,77,23.7,4.5,2,3.9,50.7,0,0,0,0.5,0.9,61.2,5.5,0.4,0.6,1.6,1,2,0,10.37
294,Malik RoseNY,2005-2006,PF,72,15.5,4.4,1.5,3.9,37.4,0,0,100,1.5,1.9,78.1,3.6,0.9,0.6,0.2,1.1,4,0,10.28
295,Bostjan NachbarNO/NJ,2005-2006,SF,36,13.9,4.4,1.5,4.3,34.6,0.5,2,26.8,0.8,1.2,68.2,1.7,0.8,0.4,0.1,0.7,0,0,7.19
296,Anthony GrundyATL,2005-2006,PG,12,9,4.3,1.6,3.2,50,0.4,1.3,33.3,0.8,1.2,64.3,1.4,0.8,0.6,0,0.8,0,0,16.61
297,Jiri WelschMIL,2005-2006,GF,58,14.9,4.3,1.5,3.8,38.7,0.2,0.8,28.6,1.1,1.5,74.7,1.9,1.1,0.6,0,0.7,0,0,9.84
298,Jon BarryHOU,2005-2006,SG,20,17.1,4.3,1.3,3.3,38.5,0.6,1.6,37.5,1.2,1.5,82.8,1.6,1.3,0.7,0.1,1.1,0,0,8.55
299,Linton JohnsonNO/NJ,2005-2006,PF,36,14.6,4.3,1.7,4.1,40.9,0.4,1,36.1,0.5,0.8,66.7,3.4,0.4,0.3,0.3,0.8,1,0,10.07
300,Lee NailonPHI,2005-2006,SF,22,10.8,4.2,1.8,3.6,50,0,0,0,0.6,0.7,86.7,1.9,0.3,0.4,0.2,0.5,0,0,14.63
301,Laron ProfitLAL,2005-2006,SG,25,11.2,4.2,1.6,3.4,47.6,0.1,0.7,16.7,0.8,1,87.5,1.7,0.6,0.4,0.2,1,0,0,11.98
302,Hakim WarrickMEM,2005-2006,PF,68,10.6,4.1,1.5,3.4,44.3,0,0,0,1.1,1.7,66.1,2.1,0.4,0.2,0.3,0.8,0,0,11.04
303,Jason KaponoMIA,2005-2006,SG,51,13,4.1,1.5,3.5,44.6,0.4,1,39.6,0.5,0.6,84.8,1.4,0.7,0.1,0.1,0.4,0,0,8.99
304,Dahntay JonesMEM,2005-2006,SG,71,13.6,4,1.5,3.7,41.4,0,0.3,14.3,0.8,1.3,64.5,1.5,0.5,0.5,0.2,0.7,0,0,8.01
305,Sasha VujacicLAL,2005-2006,SG,82,17.7,3.9,1.3,3.8,34.6,0.7,2.1,34.3,0.6,0.6,88.5,1.9,1.7,0.6,0,0.6,0,0,8.36
306,Travis DienerORL,2005-2006,PG,23,10.7,3.8,1.3,3,42,1.1,2.5,43.9,0.2,0.3,83.3,0.9,0.7,0.3,0,0.4,0,0,12.67
307,Daniel EwingLAC,2005-2006,PG,66,14.7,3.8,1.5,3.9,38,0.3,1.2,28.2,0.5,0.7,78.3,1.3,1.3,0.6,0.1,0.9,0,0,7.62
308,Andris BiedrinsGS,2005-2006,C,68,14.7,3.8,1.7,2.7,63.8,0,0,0,0.3,1.1,30.6,4.2,0.4,0.3,0.7,0.5,2,0,13.69
309,Danny FortsonSEA,2005-2006,C,23,12,3.8,1.2,2.2,52.9,0,0,0,1.4,1.9,76.7,3.4,0.1,0.2,0.1,1.1,0,0,8.58
310,Scot PollardIND,2005-2006,C,45,17.1,3.8,1.6,3.4,45.5,0,0,0,0.6,0.8,76.3,4.8,0.5,0.8,0.4,0.6,0,0,12.32
311,Doug ChristieDAL,2005-2006,SG,7,26.4,3.7,1.3,3.7,34.6,0,0.1,0,1.1,1.7,66.7,1.9,2,1.3,0.1,0.9,0,0,6.88
312,Chuck HayesHOU,2005-2006,PF,40,13.4,3.7,1.5,2.6,56.2,0,0,0,0.7,1.1,64.4,4.5,0.4,0.7,0.4,0.3,1,0,18.07
313,Charles A SmithPOR/DEN,2005-2006,SG,22,9.5,3.6,1.4,3.3,41.7,0.7,1.7,39.5,0.2,0.4,62.5,0.7,0.4,0.2,0.3,0.2,0,0,12.02
314,Carlos DelfinoDET,2005-2006,SG,68,10.7,3.6,1.3,3.3,40.3,0.3,0.9,33.3,0.7,1,67.2,1.7,0.6,0.3,0.2,0.5,0,0,10.64
315,Kelvin CatoORL/DET,2005-2006,C,27,12.3,3.6,1.3,3.1,42.9,0,0,0,1,1.3,74.3,2.6,0.1,0.2,0.4,0.7,0,0,9.27
316,Will BynumGS,2005-2006,PG,15,10.8,3.6,1.4,3.5,40.4,0.1,0.6,22.2,0.7,1.1,62.5,0.8,1.3,0.5,0,0.9,0,0,8.78
317,Jason CollinsNJ,2005-2006,C,71,26.7,3.6,1.5,3.7,39.7,0,0.2,25,0.6,1.2,51.2,4.8,1,0.6,0.6,0.9,0,0,5.49
318,Royal IveyATL,2005-2006,PG,73,13.4,3.6,1.6,3.6,43.9,0.1,0.1,40,0.3,0.5,72.7,1.3,1,0.3,0.1,0.3,0,0,8.48
319,Pape SowTOR,2005-2006,PF,42,14,3.5,1.3,2.9,43.1,0,0,0,1,1.4,71.9,3.5,0.2,0.5,0.5,0.7,1,0,9.55
320,Linas KleizaDEN,2005-2006,SF,61,8.5,3.5,1.3,2.8,44.5,0,0.2,15.4,0.9,1.3,70.4,1.9,0.2,0.2,0.2,0.3,0,0,13.16
321,Brian CardinalMEM,2005-2006,PF,36,11.2,3.4,1.3,3.1,41.4,0.4,0.8,44.8,0.5,0.8,70.4,1.5,0.9,0.6,0,0.8,1,0,10.05
322,James SingletonLAC,2005-2006,F,59,12.8,3.4,1.3,2.6,51,0.2,0.3,50,0.7,0.8,78,3.3,0.5,0.3,0.4,0.5,3,0,13.54
323,Lamond MurrayNJ,2005-2006,SF,57,10.1,3.4,1.3,3.2,39.8,0.5,1.4,34.6,0.4,0.7,62.5,2.3,0.2,0.3,0.1,0.4,0,0,10.79
324,CJ MilesUTAH,2005-2006,G,23,8.8,3.4,1.2,3.3,36.8,0.2,0.9,25,0.8,1,75,1.7,0.7,0.3,0.1,0.4,0,0,13.7
325,Jacque VaughnNJ,2005-2006,PG,80,15.4,3.4,1.3,3.1,43.7,0,0.1,16.7,0.7,1,72.8,1.1,1.5,0.5,0,0.7,0,0,7.57
326,Zoran PlaninicNJ,2005-2006,PG,56,10.6,3.4,1.2,3.3,36.1,0.2,1,23.2,0.8,1.2,69.7,1.3,0.9,0.4,0.1,0.8,0,0,6.89
327,Corliss WilliamsonSAC,2005-2006,PF,37,9.8,3.4,1.2,2.8,41.7,0.1,0.1,100,1,1.3,77.6,1.8,0.4,0.2,0.1,0.8,0,0,8.17
328,Scott PadgettNJ,2005-2006,PF,62,11.6,3.4,1.1,3.2,35.3,0.7,2,34.7,0.4,0.5,79.4,2.7,0.7,0.5,0.2,0.3,1,0,12.5
329,Wayne SimienMIA,2005-2006,PF,43,9.6,3.4,1.3,2.8,48.3,0,0,0,0.7,0.8,88.2,2,0.2,0.3,0,0.6,0,0,11.48
330,Vin BakerLAC,2005-2006,PF,8,10.6,3.4,0.9,1.9,46.7,0,0,0,1.6,2.3,72.2,2.4,0.5,0.5,0.5,1.1,0,0,11.36
331,Pat BurkePHX,2005-2006,C,42,8.2,3.4,1.5,3,49.6,0,0.2,28.6,0.3,0.5,61.9,1.7,0.4,0.1,0.3,0.8,0,0,9.88
332,Anthony CarterMIN,2005-2006,PG,45,13.1,3.3,1.2,3,38.7,0.1,0.3,26.7,0.9,1.2,72.7,1.4,2.2,0.5,0.2,0.9,0,0,10.58
333,Jason HartSAC,2005-2006,PG,66,12.4,3.3,1.3,3.3,38.9,0.1,0.5,29,0.6,0.8,66.1,1.1,1.1,0.5,0.1,0.7,0,0,7.1
334,Mikki MooreSEA,2005-2006,C,47,12.4,3.3,1.1,2.6,43.5,0,0,0,1,1.3,74.2,2.8,0.6,0.1,0.3,0.9,0,0,8.63
335,Richie FrahmMIN/HOU,2005-2006,SG,33,10.4,3.3,1.2,3,39,0.7,2.1,32.9,0.2,0.3,70,1,0.6,0.1,0.1,0.2,0,0,9.4
336,Dan DickauBOS,2005-2006,PG,19,12.3,3.3,0.9,2.4,37,0.5,1.1,50,0.9,0.9,100,0.8,2.1,0.6,0.1,0.9,0,0,10.29
337,Zarko CabarkapaGS,2005-2006,SF,61,8.3,3.3,1.1,2.9,38.5,0.1,0.3,25,1,1.4,71.4,1.8,0.3,0.2,0.1,0.6,1,0,9.93
338,Eric WilliamsTOR,2005-2006,PF,28,12.6,3.3,1,2.7,38.7,0.2,0.6,27.8,1,1.4,73.7,1.8,0.5,0.3,0.1,0.5,0,0,6.75
339,Sean MarksSA,2005-2006,PF,25,7.2,3.2,1.5,2.8,52.1,0,0.1,0,0.3,0.5,58.3,1.7,0.3,0.2,0.3,0.3,0,0,18.12
340,Orien GreeneBOS,2005-2006,PG,80,15.4,3.2,1.3,3.2,39.5,0.1,0.5,22.5,0.6,0.9,66.2,1.8,1.6,1,0.1,1.4,0,0,6.41
341,Michael DoleacMIA,2005-2006,C,31,12,3.2,1.2,2.8,42,0,0,0,0.8,1,80,2.7,0.3,0.3,0.2,0.5,0,0,9.96
342,Howard EisleyLAC/DEN,2005-2006,PG,32,12.3,3.2,1.1,3.2,33,0.4,1.3,31,0.6,0.8,83.3,1,2.2,0.3,0.1,0.7,0,0,9.23
343,Matt BarnesNY/PHI,2005-2006,SF,56,11.3,3.1,1.3,2.5,50,0.1,0.3,20,0.6,0.8,68.1,2.2,0.5,0.4,0.1,0.5,0,0,10.7
344,Rawle MarshallDAL,2005-2006,SF,23,10.5,3.1,1,2.6,40,0,0.1,33.3,1,1.3,75.9,1.3,0.4,0.3,0.3,0.7,0,0,9.98
345,Jerome JamesNY,2005-2006,C,45,9,3,1.2,2.7,46.3,0,0,0,0.6,0.9,62.5,2,0.3,0.1,0.5,1.1,0,0,6.37
346,Kris HumphriesUTAH,2005-2006,PF,62,10,3,1.2,3.3,37.9,0,0.1,0,0.5,1,52.3,2.5,0.5,0.4,0.3,0.5,1,0,10.31
347,Jim JacksonLAL/PHX,2005-2006,SF,40,12.8,3,1.2,4,29.4,0.5,1.9,24.3,0.2,0.3,69.2,1.9,0.9,0.3,0.2,0.9,0,0,3.01
348,Pavel PodkolzinDAL,2005-2006,C,1,18,3,0,2,0,0,0,0,3,6,50,7,0,0,1,2,0,0,2.31
348,Andre OwensUTAH,2005-2006,SG,23,9.1,3,1.2,3.2,36.5,0.1,0.7,18.8,0.5,0.8,66.7,0.9,0.3,0.2,0,0.6,0,0,5.18
350,Josh PowellDAL,2005-2006,PF,37,11.6,3,1,2.2,45.7,0,0,0,1,1.2,80,2.2,0.2,0.2,0.1,0.6,0,0,9.25
351,Sergei MoniaPOR/SAC,2005-2006,SF,26,13.2,3,1.1,3.3,33.3,0.3,1.3,26.5,0.4,0.5,71.4,2,0.7,0.3,0.2,0.5,0,0,6.31
352,Brian SkinnerPOR/SAC,2005-2006,PF,65,14.5,2.9,1.3,2.5,51.2,0,0,0,0.4,0.9,48.2,3.5,0.5,0.4,0.7,0.7,0,0,10.5
353,Brian GrantPHX,2005-2006,PF,21,11.8,2.9,1.3,3.1,41.5,0,0,0,0.3,0.4,87.5,2.7,0.3,0.2,0.1,0.3,0,0,6.64
354,Lindsey HunterDET,2005-2006,SG,30,11.8,2.9,1.2,3.3,37,0.4,1.4,25.6,0.1,0.1,50,1.3,2.1,0.6,0,0.7,0,0,10.5
354,Dorell WrightMIA,2005-2006,SF,20,6.6,2.9,1,2.2,46.5,0.2,0.3,50,0.8,0.9,88.2,1.6,0.4,0.2,0.1,0.7,0,0,13.12
356,Brian ScalabrineBOS,2005-2006,PF,71,13.2,2.9,1,2.7,38.3,0.4,1.2,35.6,0.4,0.5,72.2,1.6,0.7,0.3,0.3,0.7,0,0,5.88
357,Lonny BaxterCHA/HOU,2005-2006,PF,41,9.8,2.9,1.1,2.5,43.3,0,0,0,0.7,0.9,80,2.9,0.1,0.3,0.2,0.5,1,0,11.94
358,Mario KasunORL,2005-2006,C,28,7.6,2.9,1.1,2.5,44.9,0,0,0,0.6,0.8,78.3,2.1,0.1,0.1,0.1,0.5,0,0,8.95
359,Dijon ThompsonPHX,2005-2006,SF,10,4.3,2.8,1.1,2.5,44,0.4,1.1,36.4,0.2,0.2,100,1.1,0.1,0.3,0.1,0.2,0,0,21.57
360,Moochie NorrisNO/HOU,2005-2006,PG,45,9.4,2.8,1,2.5,41.1,0.1,0.3,28.6,0.6,0.9,69,1.2,1.1,0.4,0,0.7,0,0,10.05
361,Chris TaftGS,2005-2006,PF,17,8.5,2.8,1.4,2.2,60.5,0,0,0,0.1,0.4,16.7,2.1,0.1,0.1,0.4,0.1,0,0,15.8
362,Ime UdokaNY,2005-2006,F,8,14.3,2.8,1.1,3,37.5,0.1,0.4,33.3,0.4,0.8,50,2.1,0.8,0.1,0,0.3,0,0,6.1
363,Donell TaylorWSH,2005-2006,PG,51,9.1,2.7,1,2.7,39,0.1,0.3,23.5,0.6,0.8,69.8,1,0.9,0.6,0.1,0.7,0,0,10.19
364,Kevin OlliePHI,2005-2006,PG,70,15.3,2.7,1.1,2.5,43.1,0,0,33.3,0.6,0.7,83.7,1.4,1.4,0.5,0,0.4,0,0,7.83
365,Mateen CleavesSEA,2005-2006,PG,27,8.5,2.7,0.9,2.6,35.2,0.1,0.6,25,0.7,0.9,79.2,0.5,1.6,0.1,0.1,0.5,0,0,9.06
366,Luke JacksonCLE,2005-2006,SF,36,8.8,2.7,0.8,2.4,34.1,0.3,1,33.3,0.7,0.9,78.8,1.1,0.7,0.3,0.1,0.9,0,0,7.81
367,Dikembe MutomboHOU,2005-2006,C,64,14.9,2.6,0.8,1.5,52.6,0,0,0,1.1,1.4,75.8,4.8,0.1,0.3,0.9,0.5,1,0,12.77
368,Stephen GrahamCHI/CLE/HOU,2005-2006,SF,22,8,2.6,1,2.5,38.9,0.1,0.5,20,0.6,0.7,93.3,1.2,0.3,0.2,0.1,0.6,0,0,6.88
369,Shandon AndersonMIA,2005-2006,SF,48,13.3,2.6,1.1,2.6,42.9,0.1,0.4,26.3,0.3,0.4,72.2,1.7,0.6,0.4,0.1,0.5,0,0,6.22
370,Melvin SandersSA,2005-2006,SG,16,7.1,2.6,1,2.1,48.5,0.1,0.2,66.7,0.4,0.6,70,1.4,0.2,0.3,0,0.5,0,0,10.74
371,Darrick MartinTOR,2005-2006,PG,40,8.5,2.6,0.9,2.4,35.1,0.4,1,40,0.5,0.6,75,0.5,1.4,0.4,0,0.4,1,0,11.37
372,Vitaly PotapenkoSAC/SEA,2005-2006,C,33,10.7,2.5,1.1,2.2,52.1,0,0,0,0.3,0.5,58.8,1.9,0.3,0.1,0.1,0.5,0,0,7.55
373,Anfernee HardawayNY/ORL,2005-2006,SF,4,18,2.5,1,3.5,28.6,0,0.3,0,0.5,0.5,100,2.5,2,0.5,0,1.5,0,0,2.06
374,Alan HendersonCLE,2005-2006,PF,51,10.4,2.5,0.9,1.8,51.6,0,0,0,0.6,1,67.3,2.7,0.2,0.2,0.2,0.4,1,0,12.32
375,Walter McCartyLAC,2005-2006,PF,36,9.8,2.4,0.9,2.8,33.3,0.3,1.3,22.2,0.3,0.6,57.1,1.9,0.6,0.2,0.1,0.5,0,0,5.94
376,Greg OstertagUTAH,2005-2006,C,60,13.5,2.4,1,2.1,49.2,0,0,0,0.4,0.8,50,3.8,1,0.1,1.1,0.8,0,0,11.64
377,DeSagana DiopDAL,2005-2006,C,81,18.6,2.3,0.9,1.9,48.7,0,0,50,0.5,0.9,54.2,4.6,0.3,0.5,1.8,0.4,0,0,11.57
378,Brandon BassNO,2005-2006,PF,29,9.2,2.3,1,2.4,40,0,0,0,0.4,0.7,63.2,2.3,0.1,0.1,0.2,0.4,0,0,9.17
379,Bo OutlawORL,2005-2006,PF,32,11.1,2.3,1.1,1.8,60.3,0,0,0,0.2,0.3,62.5,2.4,0.4,0.3,0.4,0.5,0,0,11.87
380,Rafael AraujoTOR,2005-2006,C,52,11.6,2.3,1,2.8,36.6,0,0,0,0.3,0.5,53.6,2.8,0.3,0.5,0.1,0.8,0,0,4.51
381,Arvydas MacijauskasNO,2005-2006,SG,19,7.1,2.3,0.7,2.2,34.1,0.2,0.6,25,0.7,0.8,86.7,0.5,0.3,0.4,0,0.4,0,0,8.29
382,Jason MaxiellDET,2005-2006,PF,26,6.1,2.3,0.9,2.1,42.6,0,0,0,0.5,1.6,33.3,1.1,0.1,0.2,0.2,0.4,1,0,8.16
382,John Lucas IIIHOU,2005-2006,PG,13,8.2,2.3,1.1,2.8,38.9,0.2,0.7,22.2,0,0,0,0.4,0.9,0.4,0,0.5,0,0,7.82
384,Shavlik RandolphPHI,2005-2006,PF,57,8.5,2.3,0.8,1.7,45.4,0,0,0,0.8,1.2,60.6,2.3,0.3,0.3,0.2,0.4,0,0,12.64
385,Loren WoodsTOR,2005-2006,C,27,12,2.3,1,2.2,47.5,0,0,0,0.2,0.5,42.9,4.1,0.1,0.3,0.9,0.6,1,0,12.31
386,Andray BlatcheWSH,2005-2006,C,29,6,2.2,0.9,2.3,38.8,0.1,0.4,23.1,0.3,0.4,83.3,1.3,0.3,0.2,0.2,0.4,0,0,10.01
387,Billy ThomasWSH,2005-2006,SG,17,7.7,2.2,0.8,2.4,32.5,0.6,1.8,33.3,0.1,0.1,100,0.8,0.5,0.6,0.1,0.4,0,0,9.78
388,Ronald DupreeMIN,2005-2006,SF,36,7.4,2.2,0.9,1.8,52.4,0,0,0,0.4,1.1,34.1,1.4,0.4,0.3,0,0.4,0,0,10.31
389,Calbert CheaneyGS,2005-2006,SG,42,10.7,2.2,1,2.6,38.9,0,0.2,0,0.2,0.2,100,1.5,0.5,0.3,0,0.4,0,0,5.98
390,Anthony RobersonMEM,2005-2006,SG,16,5.5,2.2,0.9,1.9,45.2,0.3,0.6,50,0.1,0.1,100,0.4,0.3,0.1,0,0.2,0,0,11.34
391,Boniface N'DongLAC,2005-2006,C,23,6.6,2.2,1,2.3,41.5,0,0,0,0.3,0.4,66.7,1.6,0.3,0.1,0.2,0.3,0,0,11.02
392,Zendon HamiltonCLE/PHI,2005-2006,C,12,4.1,2.2,0.6,1.2,50,0,0,0,1,1.5,66.7,0.9,0,0.3,0,0.5,0,0,17.65
393,Robert WhaleyUTAH,2005-2006,C,23,9.2,2.1,1,2.5,40.4,0,0,0,0.1,0.3,50,1.9,0.7,0.3,0.3,0.6,0,0,7.65
394,Nikoloz TskitishviliMIN/PHX,2005-2006,SF,17,5.8,2.1,0.8,2.2,35.1,0.1,0.2,33.3,0.5,0.8,64.3,1.3,0.2,0.1,0.1,0.4,0,0,8.46
395,Darrel ArmstrongDAL,2005-2006,PG,62,10,2.1,0.7,2.1,33.6,0.2,0.8,22.9,0.5,0.7,78.6,1.3,1.4,0.4,0,0.9,0,0,7.34
396,Ronnie PriceSAC,2005-2006,PG,29,5.2,2.1,0.7,2,36.2,0.2,0.9,22.2,0.4,0.4,100,0.5,0.4,0.2,0,0.3,0,0,10.53
397,Eddie BasdenCHI,2005-2006,SG,19,7.4,2.1,0.8,1.9,40.5,0.1,0.4,14.3,0.4,0.5,80,1.5,0.4,0.5,0.1,0.5,0,0,10.16
398,Eric PiatkowskiCHI,2005-2006,SG,29,7.9,2,0.8,2.1,39.3,0.3,1.1,27.3,0.1,0.2,40,0.8,0.4,0.2,0,0.4,0,0,6.27
399,Rick BrunsonSEA/HOU,2005-2006,PG,27,9.1,2,0.8,2,38.9,0.2,0.5,38.5,0.3,0.4,58.3,0.8,1.3,0.3,0,0.8,0,0,6.28
399,Derrick ZimmermanNJ,2005-2006,SG,2,16,2,1,1.5,66.7,0,0,0,0,0,0,2,3.5,0,0,2,0,0,5.51
401,Antonio BurksMEM,2005-2006,PG,57,10,2,0.9,2.5,35.4,0,0.1,16.7,0.2,0.4,43.5,0.6,1.3,0.4,0,0.6,0,0,5.07
402,Stacey AugmonORL,2005-2006,SF,36,10.7,2,0.7,2,34.2,0,0,0,0.6,0.8,70,1.5,0.6,0.3,0.2,0.3,0,0,7.53
403,Ronny TuriafLAL,2005-2006,C,23,7,2,0.7,1.3,50,0,0,0,0.7,1.2,55.6,1.6,0.3,0.1,0.4,0.3,0,0,12.32
404,Lou WilliamsPHI,2005-2006,SG,30,4.8,1.9,0.8,1.7,44.2,0.1,0.3,22.2,0.3,0.4,61.5,0.6,0.3,0.2,0,0.4,0,0,8.75
405,Mike WilksSEA/CLE,2005-2006,PG,47,7.4,1.8,0.6,1.9,32.2,0.1,0.4,15.8,0.5,0.9,61,0.8,0.7,0.3,0,0.5,0,0,5.69
406,Alex AckerDET,2005-2006,G,5,7,1.8,0.8,3.2,25,0.2,1,20,0,0,0,1,0.8,0.2,0,0.8,0,0,-2.35
406,Luke SchenscherCHI,2005-2006,C,20,7.5,1.8,0.8,1.3,61.5,0,0,0,0.2,0.7,30.8,1.5,0.4,0.1,0.2,0.3,0,0,9.37
408,Antoine WrightNJ,2005-2006,SF,39,9.5,1.8,0.7,2.1,35.8,0,0.4,6.7,0.3,0.6,50,0.8,0.3,0.1,0.1,0.5,0,0,0.7
408,Kevin BurlesonCHA,2005-2006,PG,39,8.7,1.8,0.6,2.3,25,0.3,1.4,18.5,0.4,0.4,94.1,0.7,1.2,0.7,0.1,0.6,0,0,5.13
410,Jackson VromanNO,2005-2006,PF,41,9.9,1.8,0.6,1.6,39.4,0,0,0,0.5,1.1,47.7,2.1,0.3,0.3,0.3,0.5,0,0,5.88
411,Esteban BatistaATL,2005-2006,PF,57,8.7,1.8,0.6,1.4,42.5,0,0,0,0.6,0.9,62.3,2.5,0.1,0.3,0.2,0.7,1,0,7.12
412,John EdwardsATL,2005-2006,C,40,7.4,1.8,0.8,1.6,48.4,0,0,0,0.2,0.3,72.7,1.2,0.1,0.1,0.4,0.3,0,0,6.36
413,Fabricio ObertoSA,2005-2006,C,59,8.3,1.7,0.7,1.6,47.3,0,0,0,0.3,0.5,55.6,2.1,0.5,0.2,0.2,0.5,0,0,9.31
414,Didier Ilunga-MbengaDAL,2005-2006,C,43,5.5,1.7,0.7,1.4,53.3,0,0,0,0.2,0.5,50,1.3,0,0.1,0.6,0.4,0,0,13.32
415,Awvee StoreyWSH,2005-2006,SF,25,4.6,1.7,0.6,1.6,39,0.1,0.3,42.9,0.3,0.6,57.1,0.9,0.2,0.1,0,0.2,0,0,9.1
416,Donta SmithATL,2005-2006,SG,23,5.5,1.7,0.7,1.2,55.6,0.1,0.2,50,0.3,0.5,50,0.6,0.4,0.3,0,0.2,0,0,12.16
417,Ha Seung-JinPOR,2005-2006,C,27,7.9,1.6,0.7,1.1,58.1,0,0,0,0.3,0.6,47.1,1.8,0,0.1,0.3,0.5,0,0,6.89
418,Earl BarronMIA,2005-2006,C,8,5.6,1.6,0.6,2,31.3,0,0,0,0.4,0.5,75,1.3,0,0,0,0.6,0,0,-2.7
419,Andrew BynumLAL,2005-2006,C,46,7.3,1.6,0.7,1.8,40.2,0,0,0,0.2,0.6,29.6,1.7,0.2,0.1,0.5,0.4,0,0,7.36
420,Terence MorrisORL,2005-2006,F,22,8.7,1.6,0.7,2.2,32.7,0,0.1,0,0.1,0.1,100,1.7,0.2,0.3,0.2,0.3,0,0,5.04
421,Lawrence RobertsMEM,2005-2006,PF,33,5.5,1.5,0.6,1.3,45.5,0,0.1,0,0.3,0.7,47.8,1.5,0.2,0.2,0.1,0.2,1,0,13.59
422,Noel FelixSEA,2005-2006,F,12,6.8,1.5,0.5,2.1,24,0.1,0.3,33.3,0.4,0.7,62.5,1.1,0.2,0.2,0.3,0.7,0,0,-1.12
423,Michael BradleyPHI,2005-2006,PF,46,8,1.5,0.7,1.7,40.5,0,0.1,20,0,0.1,66.7,2.3,0.4,0.1,0.2,0.4,0,0,8.39
424,Calvin BoothWSH,2005-2006,C,33,7.6,1.4,0.6,1.4,42.6,0,0.1,50,0.2,0.3,55.6,1.6,0.4,0.3,0.3,0.2,0,0,8.88
425,Michael RuffinWSH,2005-2006,PF,76,13.3,1.4,0.4,1,44.2,0,0,0,0.5,1,50,3.6,0.4,0.4,0.4,0.5,0,0,8.08
426,Ira NewbleCLE,2005-2006,SF,36,9.8,1.3,0.5,1.6,29.8,0.1,0.4,23.1,0.3,0.4,68.8,1.6,0.3,0.1,0.3,0.3,0,0,3.93
426,Sharrod FordPHX,2005-2006,PF,3,4.3,1.3,0.7,1,66.7,0,0,0,0,0,0,1,0,0,0.3,0.7,0,0,0.61
428,Ryan BowenHOU,2005-2006,SF,68,9.6,1.3,0.5,1.8,29.8,0,0.3,13.6,0.2,0.2,78.6,1.3,0.4,0.3,0.1,0.2,0,0,3.97
429,James ThomasCHI/PHI,2005-2006,SF,22,6.8,1.3,0.5,0.9,52.6,0,0,0,0.4,0.6,57.1,1.8,0,0,0.1,0.3,0,0,5.34
430,Von WaferLAL,2005-2006,SG,16,4.6,1.3,0.4,2.4,15.8,0.1,1.1,11.8,0.4,0.5,75,0.5,0.3,0.2,0,0.1,0,0,-1.54
431,Mark MadsenMIN,2005-2006,PF,62,10.9,1.2,0.4,1.1,40.9,0,0.1,0,0.3,0.8,42.6,2.3,0.2,0.4,0.3,0.4,0,0,5.26
432,Jermaine JacksonMIL,2005-2006,PG,30,6.7,1.2,0.4,0.9,42.3,0,0.1,25,0.4,0.5,85.7,0.9,0.8,0.1,0,0.4,0,0,8.03
433,Yaroslav KorolevLAC,2005-2006,SF,24,5.3,1.1,0.4,1.3,30,0.1,0.3,28.6,0.3,0.4,70,0.5,0.4,0.1,0,0.3,0,0,4.83
434,Eddie GillIND,2005-2006,PG,41,3,1.1,0.2,1.1,22.2,0.2,0.6,30.4,0.4,0.6,78.3,0.4,0.3,0.3,0,0.2,0,0,9.18
435,Reece GainesMIL,2005-2006,PG,12,4.5,1.1,0.5,1,50,0,0.2,0,0.1,0.3,25,0,0.3,0.1,0,0.1,0,0,7.01
436,Slava MedvedenkoLAL,2005-2006,PF,2,3,1,0.5,1,50,0,0,0,0,0,0,0,0.5,0,0,0,0,0,9.48
436,Alvin WilliamsTOR,2005-2006,PG,1,10,1,0,3,0,0,2,0,1,2,50,3,0,0,0,0,0,0,-4.73
436,Josh DavisMIL/HOU/PHX,2005-2006,SF,6,2.8,1,0.3,1.2,28.6,0,0.3,0,0.3,0.5,66.7,0.7,0.2,0.3,0,0.2,0,0,11.87
436,Matt WalshMIA,2005-2006,SF,2,1.5,1,0.5,0.5,100,0,0,0,0,1,0,0,0,0,0,0.5,0,0,-2.33
436,Dwayne Jones IIBOS/MIN,2005-2006,PF,14,6.2,1,0.3,0.7,40,0,0,0,0.4,0.9,46.2,2.2,0.1,0.1,0.2,0.2,0,0,8.89
441,John ThomasATL/NJ/MEM,2005-2006,C,16,7.9,0.9,0.4,0.9,40,0,0,0,0.2,0.3,75,1.3,0.1,0.2,0.1,0.5,0,0,3.34
442,Dale DavisDET,2005-2006,PF,28,6.4,0.9,0.3,0.9,37.5,0,0,0,0.3,0.5,53.3,1.9,0.2,0,0.3,0.1,0,0,9.84
442,Julius HodgeDEN,2005-2006,SG,14,2.4,0.9,0.4,0.9,38.5,0,0,0,0.2,0.6,37.5,0.5,0.4,0.1,0,0.6,0,0,3.98
444,Devin GreenLAL,2005-2006,SG,27,5,0.9,0.2,1,21.4,0,0.1,0,0.5,0.8,61.9,0.9,0.3,0.1,0,0.2,0,0,4.61
445,Aaron MilesGS,2005-2006,PG,19,6.2,0.8,0.3,0.9,33.3,0,0,0,0.2,0.2,100,0.7,1.3,0.2,0.1,0.6,0,0,5.96
446,Ervin JohnsonMIL,2005-2006,C,18,4.5,0.8,0.4,0.9,41.2,0,0,0,0.1,0.1,50,1.3,0.1,0.1,0.1,0.3,0,0,3.12
446,Jamal SampsonSAC,2005-2006,C,12,3.3,0.8,0.4,0.6,71.4,0,0,0,0,0.2,0,1.5,0.4,0,0.3,0,0,0,24.49
448,Anthony GoldwireLAC,2005-2006,PG,3,7.3,0.7,0.3,2.3,14.3,0,0.7,0,0,0,0,0.3,0.7,0,0,0.3,0,0,-5.48
448,Maciej LampeNO/HOU,2005-2006,PF,6,4.7,0.7,0.3,1.8,18.2,0,0,0,0,0.3,0,1.5,0.3,0,0,0.5,0,0,-4.4
450,Aaron McKieLAL,2005-2006,SG,14,8.6,0.5,0.2,0.9,25,0,0.1,0,0.1,0.1,50,1.4,0.8,0.4,0,0.1,0,0,6.14
450,Randy HolcombCHI,2005-2006,SF,4,2.8,0.5,0.3,0.3,100,0,0,0,0,0,0,0.3,0,0,0,0,0,0,8.23
452,Samaki WalkerIND,2005-2006,PF,7,3.1,0.3,0,0.3,0,0,0,0,0.3,0.3,100,0.4,0,0,0.1,0.3,0,0,-5.96